epoch,train_loss,valid_loss,lr,f_beta,g_beta,geom_mean
0.0,2.850386492029548,3.095161204536756,0.001,0.36791573407972367,0.1538974268152562,0.23795227412175646
