epoch,train_loss,valid_loss,lr
0.0,8057.453925386787,4305.638591130574,0.001
1.0,4034.7922421917647,3738.9049949645996,0.001
2.0,3605.089353069988,3278.3100350697837,0.001
3.0,3298.473659465407,2983.901786804199,0.001
4.0,3113.7505403876826,2815.8296411832175,0.001
5.0,2979.7532080771102,2668.139628569285,0.001
6.0,2872.202540101963,2559.5800444285073,0.001
